,run,p,reward,agent
0,1,0.9,-1.0,RA
1,1,0.9,0.0,SRA
2,1,0.9,1.0,HA
3,1,0.9,1.0,NSA
4,1,0.9,1.0,naive SA
5,1,0.9,1.0,advanced SA
6,1,0.8,-1.0,RA
7,1,0.8,0.0,SRA
8,1,0.8,1.0,HA
9,1,0.8,1.0,NSA
10,1,0.8,1.0,naive SA
11,1,0.8,1.0,advanced SA
12,1,0.7,-1.0,RA
13,1,0.7,0.0,SRA
14,1,0.7,0.0,HA
15,1,0.7,1.0,NSA
16,1,0.7,0.0,naive SA
17,1,0.7,1.0,advanced SA
18,1,0.6,-1.0,RA
19,1,0.6,0.0,SRA
20,1,0.6,0.0,HA
21,1,0.6,1.0,NSA
22,1,0.6,0.0,naive SA
23,1,0.6,1.0,advanced SA
24,2,0.9,0.0,RA
25,2,0.9,0.0,SRA
26,2,0.9,1.0,HA
27,2,0.9,1.0,NSA
28,2,0.9,1.0,naive SA
29,2,0.9,1.0,advanced SA
30,2,0.8,-1.0,RA
31,2,0.8,0.0,SRA
32,2,0.8,0.0,HA
33,2,0.8,1.0,NSA
34,2,0.8,1.0,naive SA
35,2,0.8,1.0,advanced SA
36,2,0.7,-1.0,RA
37,2,0.7,0.0,SRA
38,2,0.7,1.0,HA
39,2,0.7,1.0,NSA
40,2,0.7,1.0,naive SA
41,2,0.7,1.0,advanced SA
42,2,0.6,0.0,RA
43,2,0.6,0.0,SRA
44,2,0.6,1.0,HA
45,2,0.6,1.0,NSA
46,2,0.6,0.0,naive SA
47,2,0.6,1.0,advanced SA
48,3,0.9,-1.0,RA
49,3,0.9,0.0,SRA
50,3,0.9,1.0,HA
51,3,0.9,1.0,NSA
52,3,0.9,0.0,naive SA
53,3,0.9,1.0,advanced SA
54,3,0.8,-1.0,RA
55,3,0.8,0.0,SRA
56,3,0.8,1.0,HA
57,3,0.8,1.0,NSA
58,3,0.8,1.0,naive SA
59,3,0.8,1.0,advanced SA
60,3,0.7,-1.0,RA
61,3,0.7,0.0,SRA
62,3,0.7,1.0,HA
63,3,0.7,1.0,NSA
64,3,0.7,1.0,naive SA
65,3,0.7,1.0,advanced SA
66,3,0.6,-1.0,RA
67,3,0.6,0.0,SRA
68,3,0.6,1.0,HA
69,3,0.6,1.0,NSA
70,3,0.6,0.0,naive SA
71,3,0.6,1.0,advanced SA
72,4,0.9,-1.0,RA
73,4,0.9,0.0,SRA
74,4,0.9,1.0,HA
75,4,0.9,1.0,NSA
76,4,0.9,1.0,naive SA
77,4,0.9,1.0,advanced SA
78,4,0.8,-1.0,RA
79,4,0.8,0.0,SRA
80,4,0.8,0.0,HA
81,4,0.8,1.0,NSA
82,4,0.8,0.0,naive SA
83,4,0.8,1.0,advanced SA
84,4,0.7,-1.0,RA
85,4,0.7,0.0,SRA
86,4,0.7,0.0,HA
87,4,0.7,1.0,NSA
88,4,0.7,0.0,naive SA
89,4,0.7,1.0,advanced SA
90,4,0.6,-1.0,RA
91,4,0.6,0.0,SRA
92,4,0.6,1.0,HA
93,4,0.6,1.0,NSA
94,4,0.6,1.0,naive SA
95,4,0.6,1.0,advanced SA
96,5,0.9,0.0,RA
97,5,0.9,0.0,SRA
98,5,0.9,1.0,HA
99,5,0.9,1.0,NSA
100,5,0.9,1.0,naive SA
101,5,0.9,1.0,advanced SA
102,5,0.8,-1.0,RA
103,5,0.8,0.0,SRA
104,5,0.8,0.0,HA
105,5,0.8,1.0,NSA
106,5,0.8,1.0,naive SA
107,5,0.8,1.0,advanced SA
108,5,0.7,-1.0,RA
109,5,0.7,0.0,SRA
110,5,0.7,1.0,HA
111,5,0.7,1.0,NSA
112,5,0.7,0.0,naive SA
113,5,0.7,1.0,advanced SA
114,5,0.6,-1.0,RA
115,5,0.6,0.0,SRA
116,5,0.6,0.0,HA
117,5,0.6,1.0,NSA
118,5,0.6,0.0,naive SA
119,5,0.6,1.0,advanced SA
120,6,0.9,0.0,RA
121,6,0.9,0.0,SRA
122,6,0.9,1.0,HA
123,6,0.9,1.0,NSA
124,6,0.9,1.0,naive SA
125,6,0.9,1.0,advanced SA
126,6,0.8,-1.0,RA
127,6,0.8,0.0,SRA
128,6,0.8,1.0,HA
129,6,0.8,1.0,NSA
130,6,0.8,0.0,naive SA
131,6,0.8,1.0,advanced SA
132,6,0.7,-1.0,RA
133,6,0.7,0.0,SRA
134,6,0.7,1.0,HA
135,6,0.7,1.0,NSA
136,6,0.7,1.0,naive SA
137,6,0.7,1.0,advanced SA
138,6,0.6,-1.0,RA
139,6,0.6,0.0,SRA
140,6,0.6,1.0,HA
141,6,0.6,1.0,NSA
142,6,0.6,1.0,naive SA
143,6,0.6,1.0,advanced SA
144,7,0.9,-1.0,RA
145,7,0.9,0.0,SRA
146,7,0.9,1.0,HA
147,7,0.9,1.0,NSA
148,7,0.9,1.0,naive SA
149,7,0.9,1.0,advanced SA
150,7,0.8,-1.0,RA
151,7,0.8,0.0,SRA
152,7,0.8,1.0,HA
153,7,0.8,1.0,NSA
154,7,0.8,1.0,naive SA
155,7,0.8,1.0,advanced SA
156,7,0.7,-1.0,RA
157,7,0.7,0.0,SRA
158,7,0.7,0.0,HA
159,7,0.7,1.0,NSA
160,7,0.7,0.0,naive SA
161,7,0.7,1.0,advanced SA
162,7,0.6,-1.0,RA
163,7,0.6,0.0,SRA
164,7,0.6,1.0,HA
165,7,0.6,1.0,NSA
166,7,0.6,1.0,naive SA
167,7,0.6,1.0,advanced SA
168,8,0.9,-1.0,RA
169,8,0.9,0.0,SRA
170,8,0.9,1.0,HA
171,8,0.9,1.0,NSA
172,8,0.9,0.0,naive SA
173,8,0.9,1.0,advanced SA
174,8,0.8,-1.0,RA
175,8,0.8,0.0,SRA
176,8,0.8,1.0,HA
177,8,0.8,1.0,NSA
178,8,0.8,0.0,naive SA
179,8,0.8,1.0,advanced SA
180,8,0.7,-1.0,RA
181,8,0.7,0.0,SRA
182,8,0.7,1.0,HA
183,8,0.7,1.0,NSA
184,8,0.7,0.0,naive SA
185,8,0.7,1.0,advanced SA
186,8,0.6,-1.0,RA
187,8,0.6,0.0,SRA
188,8,0.6,0.0,HA
189,8,0.6,1.0,NSA
190,8,0.6,0.0,naive SA
191,8,0.6,1.0,advanced SA
192,9,0.9,-1.0,RA
193,9,0.9,1.0,SRA
194,9,0.9,1.0,HA
195,9,0.9,1.0,NSA
196,9,0.9,1.0,naive SA
197,9,0.9,1.0,advanced SA
198,9,0.8,-1.0,RA
199,9,0.8,0.0,SRA
200,9,0.8,0.0,HA
201,9,0.8,1.0,NSA
202,9,0.8,0.0,naive SA
203,9,0.8,1.0,advanced SA
204,9,0.7,-1.0,RA
205,9,0.7,0.0,SRA
206,9,0.7,1.0,HA
207,9,0.7,1.0,NSA
208,9,0.7,1.0,naive SA
209,9,0.7,1.0,advanced SA
210,9,0.6,-1.0,RA
211,9,0.6,1.0,SRA
212,9,0.6,1.0,HA
213,9,0.6,1.0,NSA
214,9,0.6,1.0,naive SA
215,9,0.6,1.0,advanced SA
216,10,0.9,-1.0,RA
217,10,0.9,0.0,SRA
218,10,0.9,1.0,HA
219,10,0.9,1.0,NSA
220,10,0.9,1.0,naive SA
221,10,0.9,1.0,advanced SA
222,10,0.8,-1.0,RA
223,10,0.8,0.0,SRA
224,10,0.8,1.0,HA
225,10,0.8,1.0,NSA
226,10,0.8,1.0,naive SA
227,10,0.8,1.0,advanced SA
228,10,0.7,-1.0,RA
229,10,0.7,0.0,SRA
230,10,0.7,0.0,HA
231,10,0.7,1.0,NSA
232,10,0.7,1.0,naive SA
233,10,0.7,1.0,advanced SA
234,10,0.6,-1.0,RA
235,10,0.6,0.0,SRA
236,10,0.6,0.0,HA
237,10,0.6,1.0,NSA
238,10,0.6,0.0,naive SA
239,10,0.6,1.0,advanced SA
240,11,0.9,-1.0,RA
241,11,0.9,0.0,SRA
242,11,0.9,1.0,HA
243,11,0.9,1.0,NSA
244,11,0.9,1.0,naive SA
245,11,0.9,1.0,advanced SA
246,11,0.8,-1.0,RA
247,11,0.8,0.0,SRA
248,11,0.8,1.0,HA
249,11,0.8,1.0,NSA
250,11,0.8,1.0,naive SA
251,11,0.8,1.0,advanced SA
252,11,0.7,0.0,RA
253,11,0.7,0.0,SRA
254,11,0.7,1.0,HA
255,11,0.7,1.0,NSA
256,11,0.7,1.0,naive SA
257,11,0.7,1.0,advanced SA
258,11,0.6,-1.0,RA
259,11,0.6,0.0,SRA
260,11,0.6,1.0,HA
261,11,0.6,1.0,NSA
262,11,0.6,0.0,naive SA
263,11,0.6,1.0,advanced SA
264,12,0.9,-1.0,RA
265,12,0.9,1.0,SRA
266,12,0.9,1.0,HA
267,12,0.9,1.0,NSA
268,12,0.9,0.0,naive SA
269,12,0.9,1.0,advanced SA
270,12,0.8,-1.0,RA
271,12,0.8,0.0,SRA
272,12,0.8,1.0,HA
273,12,0.8,1.0,NSA
274,12,0.8,1.0,naive SA
275,12,0.8,1.0,advanced SA
276,12,0.7,-1.0,RA
277,12,0.7,0.0,SRA
278,12,0.7,1.0,HA
279,12,0.7,1.0,NSA
280,12,0.7,0.0,naive SA
281,12,0.7,1.0,advanced SA
282,12,0.6,-1.0,RA
283,12,0.6,0.0,SRA
284,12,0.6,0.0,HA
285,12,0.6,1.0,NSA
286,12,0.6,0.0,naive SA
287,12,0.6,1.0,advanced SA
288,13,0.9,-1.0,RA
289,13,0.9,0.0,SRA
290,13,0.9,1.0,HA
291,13,0.9,1.0,NSA
292,13,0.9,1.0,naive SA
293,13,0.9,1.0,advanced SA
294,13,0.8,-1.0,RA
295,13,0.8,0.0,SRA
296,13,0.8,1.0,HA
297,13,0.8,1.0,NSA
298,13,0.8,0.0,naive SA
299,13,0.8,1.0,advanced SA
300,13,0.7,-1.0,RA
301,13,0.7,0.0,SRA
302,13,0.7,1.0,HA
303,13,0.7,1.0,NSA
304,13,0.7,0.0,naive SA
305,13,0.7,1.0,advanced SA
306,13,0.6,-1.0,RA
307,13,0.6,0.0,SRA
308,13,0.6,0.0,HA
309,13,0.6,1.0,NSA
310,13,0.6,0.0,naive SA
311,13,0.6,1.0,advanced SA
312,14,0.9,-1.0,RA
313,14,0.9,0.0,SRA
314,14,0.9,1.0,HA
315,14,0.9,1.0,NSA
316,14,0.9,1.0,naive SA
317,14,0.9,1.0,advanced SA
318,14,0.8,-1.0,RA
319,14,0.8,0.0,SRA
320,14,0.8,1.0,HA
321,14,0.8,1.0,NSA
322,14,0.8,0.0,naive SA
323,14,0.8,1.0,advanced SA
324,14,0.7,-1.0,RA
325,14,0.7,0.0,SRA
326,14,0.7,1.0,HA
327,14,0.7,1.0,NSA
328,14,0.7,0.0,naive SA
329,14,0.7,1.0,advanced SA
330,14,0.6,-1.0,RA
331,14,0.6,0.0,SRA
332,14,0.6,1.0,HA
333,14,0.6,1.0,NSA
334,14,0.6,0.0,naive SA
335,14,0.6,1.0,advanced SA
336,15,0.9,-1.0,RA
337,15,0.9,0.0,SRA
338,15,0.9,1.0,HA
339,15,0.9,1.0,NSA
340,15,0.9,0.0,naive SA
341,15,0.9,1.0,advanced SA
342,15,0.8,-1.0,RA
343,15,0.8,0.0,SRA
344,15,0.8,1.0,HA
345,15,0.8,1.0,NSA
346,15,0.8,1.0,naive SA
347,15,0.8,1.0,advanced SA
348,15,0.7,-1.0,RA
349,15,0.7,0.0,SRA
350,15,0.7,1.0,HA
351,15,0.7,1.0,NSA
352,15,0.7,1.0,naive SA
353,15,0.7,1.0,advanced SA
354,15,0.6,-1.0,RA
355,15,0.6,0.0,SRA
356,15,0.6,0.0,HA
357,15,0.6,1.0,NSA
358,15,0.6,0.0,naive SA
359,15,0.6,1.0,advanced SA
360,16,0.9,-1.0,RA
361,16,0.9,0.0,SRA
362,16,0.9,1.0,HA
363,16,0.9,1.0,NSA
364,16,0.9,1.0,naive SA
365,16,0.9,1.0,advanced SA
366,16,0.8,-1.0,RA
367,16,0.8,0.0,SRA
368,16,0.8,1.0,HA
369,16,0.8,1.0,NSA
370,16,0.8,1.0,naive SA
371,16,0.8,1.0,advanced SA
372,16,0.7,-1.0,RA
373,16,0.7,0.0,SRA
374,16,0.7,0.0,HA
375,16,0.7,1.0,NSA
376,16,0.7,1.0,naive SA
377,16,0.7,1.0,advanced SA
378,16,0.6,-1.0,RA
379,16,0.6,0.0,SRA
380,16,0.6,0.0,HA
381,16,0.6,1.0,NSA
382,16,0.6,0.0,naive SA
383,16,0.6,1.0,advanced SA
384,17,0.9,-1.0,RA
385,17,0.9,0.0,SRA
386,17,0.9,1.0,HA
387,17,0.9,1.0,NSA
388,17,0.9,1.0,naive SA
389,17,0.9,1.0,advanced SA
390,17,0.8,-1.0,RA
391,17,0.8,0.0,SRA
392,17,0.8,1.0,HA
393,17,0.8,1.0,NSA
394,17,0.8,1.0,naive SA
395,17,0.8,1.0,advanced SA
396,17,0.7,-1.0,RA
397,17,0.7,0.0,SRA
398,17,0.7,1.0,HA
399,17,0.7,1.0,NSA
400,17,0.7,1.0,naive SA
401,17,0.7,1.0,advanced SA
402,17,0.6,-1.0,RA
403,17,0.6,0.0,SRA
404,17,0.6,1.0,HA
405,17,0.6,1.0,NSA
406,17,0.6,0.0,naive SA
407,17,0.6,1.0,advanced SA
408,18,0.9,-1.0,RA
409,18,0.9,0.0,SRA
410,18,0.9,1.0,HA
411,18,0.9,1.0,NSA
412,18,0.9,1.0,naive SA
413,18,0.9,1.0,advanced SA
414,18,0.8,-1.0,RA
415,18,0.8,0.0,SRA
416,18,0.8,0.0,HA
417,18,0.8,1.0,NSA
418,18,0.8,0.0,naive SA
419,18,0.8,1.0,advanced SA
420,18,0.7,-1.0,RA
421,18,0.7,0.0,SRA
422,18,0.7,1.0,HA
423,18,0.7,1.0,NSA
424,18,0.7,0.0,naive SA
425,18,0.7,1.0,advanced SA
426,18,0.6,-1.0,RA
427,18,0.6,0.0,SRA
428,18,0.6,0.0,HA
429,18,0.6,1.0,NSA
430,18,0.6,0.0,naive SA
431,18,0.6,1.0,advanced SA
432,19,0.9,-1.0,RA
433,19,0.9,0.0,SRA
434,19,0.9,1.0,HA
435,19,0.9,1.0,NSA
436,19,0.9,0.0,naive SA
437,19,0.9,1.0,advanced SA
438,19,0.8,-1.0,RA
439,19,0.8,0.0,SRA
440,19,0.8,1.0,HA
441,19,0.8,1.0,NSA
442,19,0.8,1.0,naive SA
443,19,0.8,1.0,advanced SA
444,19,0.7,-1.0,RA
445,19,0.7,0.0,SRA
446,19,0.7,0.0,HA
447,19,0.7,1.0,NSA
448,19,0.7,1.0,naive SA
449,19,0.7,1.0,advanced SA
450,19,0.6,-1.0,RA
451,19,0.6,0.0,SRA
452,19,0.6,1.0,HA
453,19,0.6,1.0,NSA
454,19,0.6,0.0,naive SA
455,19,0.6,1.0,advanced SA
456,20,0.9,-1.0,RA
457,20,0.9,0.0,SRA
458,20,0.9,1.0,HA
459,20,0.9,1.0,NSA
460,20,0.9,1.0,naive SA
461,20,0.9,1.0,advanced SA
462,20,0.8,-1.0,RA
463,20,0.8,0.0,SRA
464,20,0.8,0.0,HA
465,20,0.8,1.0,NSA
466,20,0.8,0.0,naive SA
467,20,0.8,1.0,advanced SA
468,20,0.7,-1.0,RA
469,20,0.7,0.0,SRA
470,20,0.7,0.0,HA
471,20,0.7,1.0,NSA
472,20,0.7,0.0,naive SA
473,20,0.7,1.0,advanced SA
474,20,0.6,-1.0,RA
475,20,0.6,0.0,SRA
476,20,0.6,0.0,HA
477,20,0.6,1.0,NSA
478,20,0.6,0.0,naive SA
479,20,0.6,1.0,advanced SA
480,21,0.9,-1.0,RA
481,21,0.9,0.0,SRA
482,21,0.9,0.0,HA
483,21,0.9,1.0,NSA
484,21,0.9,1.0,naive SA
485,21,0.9,1.0,advanced SA
486,21,0.8,-1.0,RA
487,21,0.8,0.0,SRA
488,21,0.8,0.0,HA
489,21,0.8,1.0,NSA
490,21,0.8,1.0,naive SA
491,21,0.8,1.0,advanced SA
492,21,0.7,-1.0,RA
493,21,0.7,0.0,SRA
494,21,0.7,1.0,HA
495,21,0.7,1.0,NSA
496,21,0.7,1.0,naive SA
497,21,0.7,1.0,advanced SA
498,21,0.6,-1.0,RA
499,21,0.6,0.0,SRA
500,21,0.6,1.0,HA
501,21,0.6,1.0,NSA
502,21,0.6,1.0,naive SA
503,21,0.6,1.0,advanced SA
504,22,0.9,-1.0,RA
505,22,0.9,0.0,SRA
506,22,0.9,1.0,HA
507,22,0.9,1.0,NSA
508,22,0.9,1.0,naive SA
509,22,0.9,1.0,advanced SA
510,22,0.8,-1.0,RA
511,22,0.8,0.0,SRA
512,22,0.8,1.0,HA
513,22,0.8,1.0,NSA
514,22,0.8,1.0,naive SA
515,22,0.8,1.0,advanced SA
516,22,0.7,-1.0,RA
517,22,0.7,0.0,SRA
518,22,0.7,1.0,HA
519,22,0.7,1.0,NSA
520,22,0.7,0.0,naive SA
521,22,0.7,1.0,advanced SA
522,22,0.6,-1.0,RA
523,22,0.6,0.0,SRA
524,22,0.6,0.0,HA
525,22,0.6,1.0,NSA
526,22,0.6,0.0,naive SA
527,22,0.6,1.0,advanced SA
528,23,0.9,-1.0,RA
529,23,0.9,0.0,SRA
530,23,0.9,1.0,HA
531,23,0.9,1.0,NSA
532,23,0.9,0.0,naive SA
533,23,0.9,1.0,advanced SA
534,23,0.8,-1.0,RA
535,23,0.8,0.0,SRA
536,23,0.8,0.0,HA
537,23,0.8,1.0,NSA
538,23,0.8,0.0,naive SA
539,23,0.8,1.0,advanced SA
540,23,0.7,-1.0,RA
541,23,0.7,0.0,SRA
542,23,0.7,1.0,HA
543,23,0.7,1.0,NSA
544,23,0.7,0.0,naive SA
545,23,0.7,1.0,advanced SA
546,23,0.6,-1.0,RA
547,23,0.6,0.0,SRA
548,23,0.6,1.0,HA
549,23,0.6,1.0,NSA
550,23,0.6,1.0,naive SA
551,23,0.6,1.0,advanced SA
552,24,0.9,-1.0,RA
553,24,0.9,0.0,SRA
554,24,0.9,1.0,HA
555,24,0.9,1.0,NSA
556,24,0.9,1.0,naive SA
557,24,0.9,1.0,advanced SA
558,24,0.8,-1.0,RA
559,24,0.8,0.0,SRA
560,24,0.8,0.0,HA
561,24,0.8,1.0,NSA
562,24,0.8,0.0,naive SA
563,24,0.8,1.0,advanced SA
564,24,0.7,-1.0,RA
565,24,0.7,0.0,SRA
566,24,0.7,1.0,HA
567,24,0.7,1.0,NSA
568,24,0.7,0.0,naive SA
569,24,0.7,1.0,advanced SA
570,24,0.6,-1.0,RA
571,24,0.6,0.0,SRA
572,24,0.6,0.0,HA
573,24,0.6,1.0,NSA
574,24,0.6,1.0,naive SA
575,24,0.6,1.0,advanced SA
576,25,0.9,0.0,RA
577,25,0.9,0.0,SRA
578,25,0.9,1.0,HA
579,25,0.9,1.0,NSA
580,25,0.9,1.0,naive SA
581,25,0.9,1.0,advanced SA
582,25,0.8,-1.0,RA
583,25,0.8,0.0,SRA
584,25,0.8,0.0,HA
585,25,0.8,1.0,NSA
586,25,0.8,1.0,naive SA
587,25,0.8,1.0,advanced SA
588,25,0.7,-1.0,RA
589,25,0.7,0.0,SRA
590,25,0.7,1.0,HA
591,25,0.7,1.0,NSA
592,25,0.7,1.0,naive SA
593,25,0.7,1.0,advanced SA
594,25,0.6,-1.0,RA
595,25,0.6,0.0,SRA
596,25,0.6,1.0,HA
597,25,0.6,1.0,NSA
598,25,0.6,1.0,naive SA
599,25,0.6,1.0,advanced SA
600,26,0.9,0.0,RA
601,26,0.9,0.0,SRA
602,26,0.9,1.0,HA
603,26,0.9,1.0,NSA
604,26,0.9,1.0,naive SA
605,26,0.9,1.0,advanced SA
606,26,0.8,-1.0,RA
607,26,0.8,1.0,SRA
608,26,0.8,1.0,HA
609,26,0.8,1.0,NSA
610,26,0.8,1.0,naive SA
611,26,0.8,1.0,advanced SA
612,26,0.7,-1.0,RA
613,26,0.7,0.0,SRA
614,26,0.7,0.0,HA
615,26,0.7,1.0,NSA
616,26,0.7,1.0,naive SA
617,26,0.7,1.0,advanced SA
618,26,0.6,-1.0,RA
619,26,0.6,0.0,SRA
620,26,0.6,0.0,HA
621,26,0.6,1.0,NSA
622,26,0.6,0.0,naive SA
623,26,0.6,1.0,advanced SA
624,27,0.9,0.0,RA
625,27,0.9,0.0,SRA
626,27,0.9,1.0,HA
627,27,0.9,1.0,NSA
628,27,0.9,1.0,naive SA
629,27,0.9,1.0,advanced SA
630,27,0.8,-1.0,RA
631,27,0.8,0.0,SRA
632,27,0.8,0.0,HA
633,27,0.8,1.0,NSA
634,27,0.8,1.0,naive SA
635,27,0.8,1.0,advanced SA
636,27,0.7,-1.0,RA
637,27,0.7,0.0,SRA
638,27,0.7,1.0,HA
639,27,0.7,1.0,NSA
640,27,0.7,0.0,naive SA
641,27,0.7,1.0,advanced SA
642,27,0.6,-1.0,RA
643,27,0.6,0.0,SRA
644,27,0.6,0.0,HA
645,27,0.6,1.0,NSA
646,27,0.6,0.0,naive SA
647,27,0.6,1.0,advanced SA
648,28,0.9,-1.0,RA
649,28,0.9,0.0,SRA
650,28,0.9,1.0,HA
651,28,0.9,1.0,NSA
652,28,0.9,0.0,naive SA
653,28,0.9,1.0,advanced SA
654,28,0.8,-1.0,RA
655,28,0.8,0.0,SRA
656,28,0.8,0.0,HA
657,28,0.8,1.0,NSA
658,28,0.8,0.0,naive SA
659,28,0.8,1.0,advanced SA
660,28,0.7,-1.0,RA
661,28,0.7,0.0,SRA
662,28,0.7,0.0,HA
663,28,0.7,1.0,NSA
664,28,0.7,0.0,naive SA
665,28,0.7,1.0,advanced SA
666,28,0.6,-1.0,RA
667,28,0.6,0.0,SRA
668,28,0.6,0.0,HA
669,28,0.6,1.0,NSA
670,28,0.6,0.0,naive SA
671,28,0.6,1.0,advanced SA
672,29,0.9,-1.0,RA
673,29,0.9,0.0,SRA
674,29,0.9,1.0,HA
675,29,0.9,1.0,NSA
676,29,0.9,1.0,naive SA
677,29,0.9,1.0,advanced SA
678,29,0.8,-1.0,RA
679,29,0.8,0.0,SRA
680,29,0.8,0.0,HA
681,29,0.8,1.0,NSA
682,29,0.8,1.0,naive SA
683,29,0.8,1.0,advanced SA
684,29,0.7,-1.0,RA
685,29,0.7,0.0,SRA
686,29,0.7,1.0,HA
687,29,0.7,1.0,NSA
688,29,0.7,0.0,naive SA
689,29,0.7,1.0,advanced SA
690,29,0.6,-1.0,RA
691,29,0.6,0.0,SRA
692,29,0.6,0.0,HA
693,29,0.6,1.0,NSA
694,29,0.6,0.0,naive SA
695,29,0.6,1.0,advanced SA
696,30,0.9,-1.0,RA
697,30,0.9,0.0,SRA
698,30,0.9,1.0,HA
699,30,0.9,1.0,NSA
700,30,0.9,1.0,naive SA
701,30,0.9,1.0,advanced SA
702,30,0.8,-1.0,RA
703,30,0.8,0.0,SRA
704,30,0.8,1.0,HA
705,30,0.8,1.0,NSA
706,30,0.8,1.0,naive SA
707,30,0.8,1.0,advanced SA
708,30,0.7,-1.0,RA
709,30,0.7,0.0,SRA
710,30,0.7,0.0,HA
711,30,0.7,1.0,NSA
712,30,0.7,1.0,naive SA
713,30,0.7,1.0,advanced SA
714,30,0.6,-1.0,RA
715,30,0.6,0.0,SRA
716,30,0.6,1.0,HA
717,30,0.6,1.0,NSA
718,30,0.6,0.0,naive SA
719,30,0.6,1.0,advanced SA
720,31,0.9,-1.0,RA
721,31,0.9,0.0,SRA
722,31,0.9,1.0,HA
723,31,0.9,1.0,NSA
724,31,0.9,0.0,naive SA
725,31,0.9,1.0,advanced SA
726,31,0.8,-1.0,RA
727,31,0.8,0.0,SRA
728,31,0.8,1.0,HA
729,31,0.8,1.0,NSA
730,31,0.8,0.0,naive SA
731,31,0.8,1.0,advanced SA
732,31,0.7,-1.0,RA
733,31,0.7,0.0,SRA
734,31,0.7,1.0,HA
735,31,0.7,1.0,NSA
736,31,0.7,1.0,naive SA
737,31,0.7,1.0,advanced SA
738,31,0.6,-1.0,RA
739,31,0.6,0.0,SRA
740,31,0.6,0.0,HA
741,31,0.6,1.0,NSA
742,31,0.6,0.0,naive SA
743,31,0.6,1.0,advanced SA
744,32,0.9,-1.0,RA
745,32,0.9,0.0,SRA
746,32,0.9,1.0,HA
747,32,0.9,1.0,NSA
748,32,0.9,1.0,naive SA
749,32,0.9,1.0,advanced SA
750,32,0.8,-1.0,RA
751,32,0.8,1.0,SRA
752,32,0.8,1.0,HA
753,32,0.8,1.0,NSA
754,32,0.8,0.0,naive SA
755,32,0.8,1.0,advanced SA
756,32,0.7,-1.0,RA
757,32,0.7,0.0,SRA
758,32,0.7,0.0,HA
759,32,0.7,1.0,NSA
760,32,0.7,1.0,naive SA
761,32,0.7,1.0,advanced SA
762,32,0.6,-1.0,RA
763,32,0.6,0.0,SRA
764,32,0.6,0.0,HA
765,32,0.6,1.0,NSA
766,32,0.6,0.0,naive SA
767,32,0.6,1.0,advanced SA
768,33,0.9,0.0,RA
769,33,0.9,0.0,SRA
770,33,0.9,0.0,HA
771,33,0.9,1.0,NSA
772,33,0.9,1.0,naive SA
773,33,0.9,1.0,advanced SA
774,33,0.8,-1.0,RA
775,33,0.8,0.0,SRA
776,33,0.8,1.0,HA
777,33,0.8,1.0,NSA
778,33,0.8,0.0,naive SA
779,33,0.8,1.0,advanced SA
780,33,0.7,-1.0,RA
781,33,0.7,0.0,SRA
782,33,0.7,1.0,HA
783,33,0.7,1.0,NSA
784,33,0.7,1.0,naive SA
785,33,0.7,1.0,advanced SA
786,33,0.6,-1.0,RA
787,33,0.6,0.0,SRA
788,33,0.6,1.0,HA
789,33,0.6,1.0,NSA
790,33,0.6,1.0,naive SA
791,33,0.6,1.0,advanced SA
792,34,0.9,-1.0,RA
793,34,0.9,0.0,SRA
794,34,0.9,1.0,HA
795,34,0.9,1.0,NSA
796,34,0.9,1.0,naive SA
797,34,0.9,1.0,advanced SA
798,34,0.8,-1.0,RA
799,34,0.8,0.0,SRA
800,34,0.8,1.0,HA
801,34,0.8,1.0,NSA
802,34,0.8,0.0,naive SA
803,34,0.8,1.0,advanced SA
804,34,0.7,-1.0,RA
805,34,0.7,1.0,SRA
806,34,0.7,1.0,HA
807,34,0.7,1.0,NSA
808,34,0.7,1.0,naive SA
809,34,0.7,1.0,advanced SA
810,34,0.6,-1.0,RA
811,34,0.6,0.0,SRA
812,34,0.6,0.0,HA
813,34,0.6,1.0,NSA
814,34,0.6,0.13,naive SA
815,34,0.6,1.0,advanced SA
816,35,0.9,-1.0,RA
817,35,0.9,0.0,SRA
818,35,0.9,1.0,HA
819,35,0.9,1.0,NSA
820,35,0.9,1.0,naive SA
821,35,0.9,1.0,advanced SA
822,35,0.8,-1.0,RA
823,35,0.8,0.0,SRA
824,35,0.8,1.0,HA
825,35,0.8,1.0,NSA
826,35,0.8,0.0,naive SA
827,35,0.8,1.0,advanced SA
828,35,0.7,-1.0,RA
829,35,0.7,0.0,SRA
830,35,0.7,1.0,HA
831,35,0.7,1.0,NSA
832,35,0.7,0.0,naive SA
833,35,0.7,1.0,advanced SA
834,35,0.6,-1.0,RA
835,35,0.6,0.0,SRA
836,35,0.6,1.0,HA
837,35,0.6,1.0,NSA
838,35,0.6,1.0,naive SA
839,35,0.6,1.0,advanced SA
840,36,0.9,-1.0,RA
841,36,0.9,0.0,SRA
842,36,0.9,1.0,HA
843,36,0.9,1.0,NSA
844,36,0.9,1.0,naive SA
845,36,0.9,1.0,advanced SA
846,36,0.8,-1.0,RA
847,36,0.8,0.0,SRA
848,36,0.8,0.0,HA
849,36,0.8,1.0,NSA
850,36,0.8,0.0,naive SA
851,36,0.8,1.0,advanced SA
852,36,0.7,-1.0,RA
853,36,0.7,0.0,SRA
854,36,0.7,0.0,HA
855,36,0.7,1.0,NSA
856,36,0.7,0.0,naive SA
857,36,0.7,1.0,advanced SA
858,36,0.6,-1.0,RA
859,36,0.6,0.0,SRA
860,36,0.6,1.0,HA
861,36,0.6,1.0,NSA
862,36,0.6,0.0,naive SA
863,36,0.6,1.0,advanced SA
864,37,0.9,-1.0,RA
865,37,0.9,0.0,SRA
866,37,0.9,1.0,HA
867,37,0.9,1.0,NSA
868,37,0.9,0.0,naive SA
869,37,0.9,1.0,advanced SA
870,37,0.8,-1.0,RA
871,37,0.8,0.0,SRA
872,37,0.8,0.0,HA
873,37,0.8,1.0,NSA
874,37,0.8,0.0,naive SA
875,37,0.8,1.0,advanced SA
876,37,0.7,-1.0,RA
877,37,0.7,0.0,SRA
878,37,0.7,1.0,HA
879,37,0.7,1.0,NSA
880,37,0.7,1.0,naive SA
881,37,0.7,1.0,advanced SA
882,37,0.6,-1.0,RA
883,37,0.6,0.0,SRA
884,37,0.6,1.0,HA
885,37,0.6,1.0,NSA
886,37,0.6,0.0,naive SA
887,37,0.6,1.0,advanced SA
888,38,0.9,-1.0,RA
889,38,0.9,0.0,SRA
890,38,0.9,1.0,HA
891,38,0.9,1.0,NSA
892,38,0.9,1.0,naive SA
893,38,0.9,1.0,advanced SA
894,38,0.8,-1.0,RA
895,38,0.8,0.0,SRA
896,38,0.8,1.0,HA
897,38,0.8,1.0,NSA
898,38,0.8,0.0,naive SA
899,38,0.8,1.0,advanced SA
900,38,0.7,-1.0,RA
901,38,0.7,0.0,SRA
902,38,0.7,1.0,HA
903,38,0.7,1.0,NSA
904,38,0.7,0.0,naive SA
905,38,0.7,1.0,advanced SA
906,38,0.6,-1.0,RA
907,38,0.6,0.0,SRA
908,38,0.6,0.0,HA
909,38,0.6,1.0,NSA
910,38,0.6,1.0,naive SA
911,38,0.6,1.0,advanced SA
912,39,0.9,-1.0,RA
913,39,0.9,0.0,SRA
914,39,0.9,1.0,HA
915,39,0.9,1.0,NSA
916,39,0.9,1.0,naive SA
917,39,0.9,1.0,advanced SA
918,39,0.8,0.0,RA
919,39,0.8,0.0,SRA
920,39,0.8,1.0,HA
921,39,0.8,1.0,NSA
922,39,0.8,1.0,naive SA
923,39,0.8,1.0,advanced SA
924,39,0.7,-1.0,RA
925,39,0.7,0.0,SRA
926,39,0.7,1.0,HA
927,39,0.7,1.0,NSA
928,39,0.7,1.0,naive SA
929,39,0.7,1.0,advanced SA
930,39,0.6,-1.0,RA
931,39,0.6,0.0,SRA
932,39,0.6,1.0,HA
933,39,0.6,1.0,NSA
934,39,0.6,1.0,naive SA
935,39,0.6,1.0,advanced SA
936,40,0.9,-1.0,RA
937,40,0.9,0.0,SRA
938,40,0.9,1.0,HA
939,40,0.9,1.0,NSA
940,40,0.9,1.0,naive SA
941,40,0.9,1.0,advanced SA
942,40,0.8,-1.0,RA
943,40,0.8,0.0,SRA
944,40,0.8,1.0,HA
945,40,0.8,1.0,NSA
946,40,0.8,1.0,naive SA
947,40,0.8,1.0,advanced SA
948,40,0.7,-1.0,RA
949,40,0.7,0.0,SRA
950,40,0.7,0.0,HA
951,40,0.7,1.0,NSA
952,40,0.7,0.0,naive SA
953,40,0.7,1.0,advanced SA
954,40,0.6,-1.0,RA
955,40,0.6,0.0,SRA
956,40,0.6,0.0,HA
957,40,0.6,1.0,NSA
958,40,0.6,1.0,naive SA
959,40,0.6,1.0,advanced SA
960,41,0.9,-1.0,RA
961,41,0.9,0.0,SRA
962,41,0.9,1.0,HA
963,41,0.9,1.0,NSA
964,41,0.9,1.0,naive SA
965,41,0.9,1.0,advanced SA
966,41,0.8,-1.0,RA
967,41,0.8,0.0,SRA
968,41,0.8,1.0,HA
969,41,0.8,1.0,NSA
970,41,0.8,1.0,naive SA
971,41,0.8,1.0,advanced SA
972,41,0.7,-1.0,RA
973,41,0.7,0.0,SRA
974,41,0.7,1.0,HA
975,41,0.7,1.0,NSA
976,41,0.7,0.0,naive SA
977,41,0.7,1.0,advanced SA
978,41,0.6,-1.0,RA
979,41,0.6,0.0,SRA
980,41,0.6,0.0,HA
981,41,0.6,1.0,NSA
982,41,0.6,0.0,naive SA
983,41,0.6,1.0,advanced SA
984,42,0.9,-1.0,RA
985,42,0.9,0.0,SRA
986,42,0.9,1.0,HA
987,42,0.9,1.0,NSA
988,42,0.9,1.0,naive SA
989,42,0.9,1.0,advanced SA
990,42,0.8,-1.0,RA
991,42,0.8,0.0,SRA
992,42,0.8,1.0,HA
993,42,0.8,1.0,NSA
994,42,0.8,1.0,naive SA
995,42,0.8,1.0,advanced SA
996,42,0.7,-1.0,RA
997,42,0.7,0.0,SRA
998,42,0.7,1.0,HA
999,42,0.7,1.0,NSA
1000,42,0.7,1.0,naive SA
1001,42,0.7,1.0,advanced SA
1002,42,0.6,-1.0,RA
1003,42,0.6,0.0,SRA
1004,42,0.6,1.0,HA
1005,42,0.6,1.0,NSA
1006,42,0.6,0.0,naive SA
1007,42,0.6,1.0,advanced SA
1008,43,0.9,-1.0,RA
1009,43,0.9,0.0,SRA
1010,43,0.9,1.0,HA
1011,43,0.9,1.0,NSA
1012,43,0.9,1.0,naive SA
1013,43,0.9,1.0,advanced SA
1014,43,0.8,-1.0,RA
1015,43,0.8,0.0,SRA
1016,43,0.8,0.0,HA
1017,43,0.8,1.0,NSA
1018,43,0.8,1.0,naive SA
1019,43,0.8,1.0,advanced SA
1020,43,0.7,-1.0,RA
1021,43,0.7,0.0,SRA
1022,43,0.7,0.0,HA
1023,43,0.7,1.0,NSA
1024,43,0.7,0.0,naive SA
1025,43,0.7,1.0,advanced SA
1026,43,0.6,-1.0,RA
1027,43,0.6,0.0,SRA
1028,43,0.6,1.0,HA
1029,43,0.6,1.0,NSA
1030,43,0.6,0.0,naive SA
1031,43,0.6,1.0,advanced SA
1032,44,0.9,-1.0,RA
1033,44,0.9,0.0,SRA
1034,44,0.9,0.0,HA
1035,44,0.9,1.0,NSA
1036,44,0.9,1.0,naive SA
1037,44,0.9,1.0,advanced SA
1038,44,0.8,-1.0,RA
1039,44,0.8,0.0,SRA
1040,44,0.8,0.0,HA
1041,44,0.8,1.0,NSA
1042,44,0.8,1.0,naive SA
1043,44,0.8,1.0,advanced SA
1044,44,0.7,-1.0,RA
1045,44,0.7,0.0,SRA
1046,44,0.7,1.0,HA
1047,44,0.7,1.0,NSA
1048,44,0.7,1.0,naive SA
1049,44,0.7,1.0,advanced SA
1050,44,0.6,-1.0,RA
1051,44,0.6,0.0,SRA
1052,44,0.6,1.0,HA
1053,44,0.6,1.0,NSA
1054,44,0.6,1.0,naive SA
1055,44,0.6,1.0,advanced SA
1056,45,0.9,-1.0,RA
1057,45,0.9,0.0,SRA
1058,45,0.9,0.0,HA
1059,45,0.9,1.0,NSA
1060,45,0.9,1.0,naive SA
1061,45,0.9,1.0,advanced SA
1062,45,0.8,0.0,RA
1063,45,0.8,0.0,SRA
1064,45,0.8,0.0,HA
1065,45,0.8,1.0,NSA
1066,45,0.8,0.0,naive SA
1067,45,0.8,1.0,advanced SA
1068,45,0.7,-1.0,RA
1069,45,0.7,0.0,SRA
1070,45,0.7,0.0,HA
1071,45,0.7,1.0,NSA
1072,45,0.7,0.0,naive SA
1073,45,0.7,1.0,advanced SA
1074,45,0.6,-1.0,RA
1075,45,0.6,0.0,SRA
1076,45,0.6,0.0,HA
1077,45,0.6,1.0,NSA
1078,45,0.6,1.0,naive SA
1079,45,0.6,1.0,advanced SA
1080,46,0.9,-1.0,RA
1081,46,0.9,0.0,SRA
1082,46,0.9,1.0,HA
1083,46,0.9,1.0,NSA
1084,46,0.9,1.0,naive SA
1085,46,0.9,1.0,advanced SA
1086,46,0.8,-1.0,RA
1087,46,0.8,0.0,SRA
1088,46,0.8,0.0,HA
1089,46,0.8,1.0,NSA
1090,46,0.8,1.0,naive SA
1091,46,0.8,1.0,advanced SA
1092,46,0.7,-1.0,RA
1093,46,0.7,0.0,SRA
1094,46,0.7,0.0,HA
1095,46,0.7,1.0,NSA
1096,46,0.7,0.0,naive SA
1097,46,0.7,1.0,advanced SA
1098,46,0.6,-1.0,RA
1099,46,0.6,0.0,SRA
1100,46,0.6,1.0,HA
1101,46,0.6,1.0,NSA
1102,46,0.6,1.0,naive SA
1103,46,0.6,1.0,advanced SA
1104,47,0.9,-1.0,RA
1105,47,0.9,0.0,SRA
1106,47,0.9,1.0,HA
1107,47,0.9,1.0,NSA
1108,47,0.9,0.0,naive SA
1109,47,0.9,1.0,advanced SA
1110,47,0.8,-1.0,RA
1111,47,0.8,0.0,SRA
1112,47,0.8,1.0,HA
1113,47,0.8,1.0,NSA
1114,47,0.8,0.0,naive SA
1115,47,0.8,1.0,advanced SA
1116,47,0.7,-1.0,RA
1117,47,0.7,0.0,SRA
1118,47,0.7,0.0,HA
1119,47,0.7,1.0,NSA
1120,47,0.7,0.0,naive SA
1121,47,0.7,1.0,advanced SA
1122,47,0.6,-1.0,RA
1123,47,0.6,0.0,SRA
1124,47,0.6,1.0,HA
1125,47,0.6,1.0,NSA
1126,47,0.6,0.0,naive SA
1127,47,0.6,1.0,advanced SA
1128,48,0.9,-1.0,RA
1129,48,0.9,0.0,SRA
1130,48,0.9,1.0,HA
1131,48,0.9,1.0,NSA
1132,48,0.9,1.0,naive SA
1133,48,0.9,1.0,advanced SA
1134,48,0.8,-1.0,RA
1135,48,0.8,0.0,SRA
1136,48,0.8,1.0,HA
1137,48,0.8,1.0,NSA
1138,48,0.8,0.0,naive SA
1139,48,0.8,1.0,advanced SA
1140,48,0.7,-1.0,RA
1141,48,0.7,0.0,SRA
1142,48,0.7,0.0,HA
1143,48,0.7,1.0,NSA
1144,48,0.7,0.0,naive SA
1145,48,0.7,1.0,advanced SA
1146,48,0.6,-1.0,RA
1147,48,0.6,0.0,SRA
1148,48,0.6,1.0,HA
1149,48,0.6,1.0,NSA
1150,48,0.6,1.0,naive SA
1151,48,0.6,1.0,advanced SA
1152,49,0.9,-1.0,RA
1153,49,0.9,0.0,SRA
1154,49,0.9,1.0,HA
1155,49,0.9,1.0,NSA
1156,49,0.9,0.0,naive SA
1157,49,0.9,1.0,advanced SA
1158,49,0.8,-1.0,RA
1159,49,0.8,0.0,SRA
1160,49,0.8,0.0,HA
1161,49,0.8,1.0,NSA
1162,49,0.8,0.0,naive SA
1163,49,0.8,1.0,advanced SA
1164,49,0.7,-1.0,RA
1165,49,0.7,0.0,SRA
1166,49,0.7,1.0,HA
1167,49,0.7,1.0,NSA
1168,49,0.7,1.0,naive SA
1169,49,0.7,1.0,advanced SA
1170,49,0.6,-1.0,RA
1171,49,0.6,0.0,SRA
1172,49,0.6,0.0,HA
1173,49,0.6,1.0,NSA
1174,49,0.6,0.0,naive SA
1175,49,0.6,1.0,advanced SA
1176,50,0.9,0.0,RA
1177,50,0.9,1.0,SRA
1178,50,0.9,1.0,HA
1179,50,0.9,1.0,NSA
1180,50,0.9,1.0,naive SA
1181,50,0.9,1.0,advanced SA
1182,50,0.8,0.0,RA
1183,50,0.8,0.0,SRA
1184,50,0.8,1.0,HA
1185,50,0.8,1.0,NSA
1186,50,0.8,0.0,naive SA
1187,50,0.8,1.0,advanced SA
1188,50,0.7,-1.0,RA
1189,50,0.7,0.0,SRA
1190,50,0.7,1.0,HA
1191,50,0.7,1.0,NSA
1192,50,0.7,0.0,naive SA
1193,50,0.7,1.0,advanced SA
1194,50,0.6,-1.0,RA
1195,50,0.6,0.0,SRA
1196,50,0.6,0.0,HA
1197,50,0.6,1.0,NSA
1198,50,0.6,1.0,naive SA
1199,50,0.6,1.0,advanced SA
